obj_id,sketch_id,obj_filename,sket_filename
90ba6644ad322c47,036dbe8e06efc868,90ba6644ad322c47.obj,036dbe8e06efc868.jpg
e9b85e6177ccf14d,036dbe8e06efc868,e9b85e6177ccf14d.obj,036dbe8e06efc868.jpg
2d0e5e5ef940e212,036dbe8e06efc868,2d0e5e5ef940e212.obj,036dbe8e06efc868.jpg
55a985eef253a7a0,036dbe8e06efc868,55a985eef253a7a0.obj,036dbe8e06efc868.jpg
90ba6644ad322c47,0516d1f786008dce,90ba6644ad322c47.obj,0516d1f786008dce.jpg
e9b85e6177ccf14d,0516d1f786008dce,e9b85e6177ccf14d.obj,0516d1f786008dce.jpg
2d0e5e5ef940e212,0516d1f786008dce,2d0e5e5ef940e212.obj,0516d1f786008dce.jpg
55a985eef253a7a0,0516d1f786008dce,55a985eef253a7a0.obj,0516d1f786008dce.jpg
a64e0155977494f6,0e674b33c711ebc8,a64e0155977494f6.obj,0e674b33c711ebc8.jpg
15b3a52de1d155f8,0e674b33c711ebc8,15b3a52de1d155f8.obj,0e674b33c711ebc8.jpg
15f5184dd981d634,0e674b33c711ebc8,15f5184dd981d634.obj,0e674b33c711ebc8.jpg
aa5750ffc43bcc18,0e674b33c711ebc8,aa5750ffc43bcc18.obj,0e674b33c711ebc8.jpg
5e9c1bf43507f405,0ed0deca9979f0ed,5e9c1bf43507f405.obj,0ed0deca9979f0ed.jpg
c423400504d96338,0ed0deca9979f0ed,c423400504d96338.obj,0ed0deca9979f0ed.jpg
73796850790b70ca,0ed0deca9979f0ed,73796850790b70ca.obj,0ed0deca9979f0ed.jpg
426a1b89dcfa2b6d,0ed0deca9979f0ed,426a1b89dcfa2b6d.obj,0ed0deca9979f0ed.jpg
afb4aa409ce3ba60,0f6515298b18c2d6,afb4aa409ce3ba60.obj,0f6515298b18c2d6.jpg
592aba62e8462b16,0f6515298b18c2d6,592aba62e8462b16.obj,0f6515298b18c2d6.jpg
b54319c9bb0ede4d,0f6515298b18c2d6,b54319c9bb0ede4d.obj,0f6515298b18c2d6.jpg
0ac1112120f956e6,0f6515298b18c2d6,0ac1112120f956e6.obj,0f6515298b18c2d6.jpg
819367dceddb838b,19e9e7cc69736b3c,819367dceddb838b.obj,19e9e7cc69736b3c.jpg
74703abba6aed00b,19e9e7cc69736b3c,74703abba6aed00b.obj,19e9e7cc69736b3c.jpg
22c09296590fb951,19e9e7cc69736b3c,22c09296590fb951.obj,19e9e7cc69736b3c.jpg
6585855871402772,19e9e7cc69736b3c,6585855871402772.obj,19e9e7cc69736b3c.jpg
90ba6644ad322c47,1f4391cd4503420a,90ba6644ad322c47.obj,1f4391cd4503420a.jpg
55a985eef253a7a0,1f4391cd4503420a,55a985eef253a7a0.obj,1f4391cd4503420a.jpg
2d0e5e5ef940e212,1f4391cd4503420a,2d0e5e5ef940e212.obj,1f4391cd4503420a.jpg
e9b85e6177ccf14d,1f4391cd4503420a,e9b85e6177ccf14d.obj,1f4391cd4503420a.jpg
7aa6307caf88079d,254eafbab701386d,7aa6307caf88079d.obj,254eafbab701386d.jpg
7e425f2c7bd1de87,254eafbab701386d,7e425f2c7bd1de87.obj,254eafbab701386d.jpg
7907e0dc70c44f92,254eafbab701386d,7907e0dc70c44f92.obj,254eafbab701386d.jpg
bffcd34d68d28303,254eafbab701386d,bffcd34d68d28303.obj,254eafbab701386d.jpg
3762672a3fb6a081,2704cbf6b6d342ee,3762672a3fb6a081.obj,2704cbf6b6d342ee.jpg
5f779cd192cae3a3,2704cbf6b6d342ee,5f779cd192cae3a3.obj,2704cbf6b6d342ee.jpg
52037651db34d9c6,2704cbf6b6d342ee,52037651db34d9c6.obj,2704cbf6b6d342ee.jpg
5a47b8a4ad093e6c,2704cbf6b6d342ee,5a47b8a4ad093e6c.obj,2704cbf6b6d342ee.jpg
bcfec2a2e7d4336a,28968135d005c606,bcfec2a2e7d4336a.obj,28968135d005c606.jpg
e76f366074e000b0,28968135d005c606,e76f366074e000b0.obj,28968135d005c606.jpg
57b24bbdb0c2985f,28968135d005c606,57b24bbdb0c2985f.obj,28968135d005c606.jpg
9047b88a1daca816,28968135d005c606,9047b88a1daca816.obj,28968135d005c606.jpg
819367dceddb838b,2cb6bc62e0c506b5,819367dceddb838b.obj,2cb6bc62e0c506b5.jpg
6585855871402772,2cb6bc62e0c506b5,6585855871402772.obj,2cb6bc62e0c506b5.jpg
22c09296590fb951,2cb6bc62e0c506b5,22c09296590fb951.obj,2cb6bc62e0c506b5.jpg
74703abba6aed00b,2cb6bc62e0c506b5,74703abba6aed00b.obj,2cb6bc62e0c506b5.jpg
6929c827e1ce8419,3460cf26dabd232f,6929c827e1ce8419.obj,3460cf26dabd232f.jpg
d5ce39428399616c,3460cf26dabd232f,d5ce39428399616c.obj,3460cf26dabd232f.jpg
03b5427c9cbad7df,3460cf26dabd232f,03b5427c9cbad7df.obj,3460cf26dabd232f.jpg
40ffabf8d9949b3a,3460cf26dabd232f,40ffabf8d9949b3a.obj,3460cf26dabd232f.jpg
e76f366074e000b0,347cab418dff6619,e76f366074e000b0.obj,347cab418dff6619.jpg
bcfec2a2e7d4336a,347cab418dff6619,bcfec2a2e7d4336a.obj,347cab418dff6619.jpg
9047b88a1daca816,347cab418dff6619,9047b88a1daca816.obj,347cab418dff6619.jpg
57b24bbdb0c2985f,347cab418dff6619,57b24bbdb0c2985f.obj,347cab418dff6619.jpg
efc57137562e8eeb,3b7fc4abd27cc1ba,efc57137562e8eeb.obj,3b7fc4abd27cc1ba.jpg
f45311b54d5d3fe4,3b7fc4abd27cc1ba,f45311b54d5d3fe4.obj,3b7fc4abd27cc1ba.jpg
c329a4bfc8c0a995,3b7fc4abd27cc1ba,c329a4bfc8c0a995.obj,3b7fc4abd27cc1ba.jpg
6f4322bbfcbf58b6,3b7fc4abd27cc1ba,6f4322bbfcbf58b6.obj,3b7fc4abd27cc1ba.jpg
afb4aa409ce3ba60,4168963b990e062b,afb4aa409ce3ba60.obj,4168963b990e062b.jpg
592aba62e8462b16,4168963b990e062b,592aba62e8462b16.obj,4168963b990e062b.jpg
0ac1112120f956e6,4168963b990e062b,0ac1112120f956e6.obj,4168963b990e062b.jpg
b54319c9bb0ede4d,4168963b990e062b,b54319c9bb0ede4d.obj,4168963b990e062b.jpg
e74deefe0a3ad809,48359a74121fbed4,e74deefe0a3ad809.obj,48359a74121fbed4.jpg
c484f391c112c70f,48359a74121fbed4,c484f391c112c70f.obj,48359a74121fbed4.jpg
0cedfe3226dabe49,48359a74121fbed4,0cedfe3226dabe49.obj,48359a74121fbed4.jpg
25eb316bfa00fc98,48359a74121fbed4,25eb316bfa00fc98.obj,48359a74121fbed4.jpg
876489950e67fe4b,4e72f96a26936634,876489950e67fe4b.obj,4e72f96a26936634.jpg
05c7a6c16b69e4b0,4e72f96a26936634,05c7a6c16b69e4b0.obj,4e72f96a26936634.jpg
c6a64b1fd1e8cd43,4e72f96a26936634,c6a64b1fd1e8cd43.obj,4e72f96a26936634.jpg
3dd66bd447d95ae1,4e72f96a26936634,3dd66bd447d95ae1.obj,4e72f96a26936634.jpg
f46502a5c792f3d2,564d699790e18d3c,f46502a5c792f3d2.obj,564d699790e18d3c.jpg
ed2b9dbd5a8d4f91,564d699790e18d3c,ed2b9dbd5a8d4f91.obj,564d699790e18d3c.jpg
5192c45bf1ce718c,564d699790e18d3c,5192c45bf1ce718c.obj,564d699790e18d3c.jpg
59400f104fce28c2,564d699790e18d3c,59400f104fce28c2.obj,564d699790e18d3c.jpg
9047b88a1daca816,5ad5181689668582,9047b88a1daca816.obj,5ad5181689668582.jpg
e76f366074e000b0,5ad5181689668582,e76f366074e000b0.obj,5ad5181689668582.jpg
bcfec2a2e7d4336a,5ad5181689668582,bcfec2a2e7d4336a.obj,5ad5181689668582.jpg
57b24bbdb0c2985f,5ad5181689668582,57b24bbdb0c2985f.obj,5ad5181689668582.jpg
f5749752ed4a8e10,60203c5353318c53,f5749752ed4a8e10.obj,60203c5353318c53.jpg
afb491e33546448e,60203c5353318c53,afb491e33546448e.obj,60203c5353318c53.jpg
4b7e6d7c00dc221c,60203c5353318c53,4b7e6d7c00dc221c.obj,60203c5353318c53.jpg
79c95869e0d37be3,60203c5353318c53,79c95869e0d37be3.obj,60203c5353318c53.jpg
b5f24bcd658e3bd5,6530ccc8e0180c07,b5f24bcd658e3bd5.obj,6530ccc8e0180c07.jpg
7115af5fd3e62ca0,6530ccc8e0180c07,7115af5fd3e62ca0.obj,6530ccc8e0180c07.jpg
39fa25fa685a2a71,6530ccc8e0180c07,39fa25fa685a2a71.obj,6530ccc8e0180c07.jpg
9e2c640d53381d60,6530ccc8e0180c07,9e2c640d53381d60.obj,6530ccc8e0180c07.jpg
c75a9c7c8b59efc9,6df2f2988d50b092,c75a9c7c8b59efc9.obj,6df2f2988d50b092.jpg
ff2eff3e8be69c85,6df2f2988d50b092,ff2eff3e8be69c85.obj,6df2f2988d50b092.jpg
890f0812b9947e09,6df2f2988d50b092,890f0812b9947e09.obj,6df2f2988d50b092.jpg
94ee98fd5cf5e505,6df2f2988d50b092,94ee98fd5cf5e505.obj,6df2f2988d50b092.jpg
0b3e8d17d98f5193,6e469ecb95c2a705,0b3e8d17d98f5193.obj,6e469ecb95c2a705.jpg
1b3d973e8c712776,6e469ecb95c2a705,1b3d973e8c712776.obj,6e469ecb95c2a705.jpg
9edcaa9f5ddecfc2,6e469ecb95c2a705,9edcaa9f5ddecfc2.obj,6e469ecb95c2a705.jpg
2736c1212e9624d8,6e469ecb95c2a705,2736c1212e9624d8.obj,6e469ecb95c2a705.jpg
ee5fdac79ee65b48,6ef0b40fa176ac70,ee5fdac79ee65b48.obj,6ef0b40fa176ac70.jpg
88fe8b2185d4feb6,6ef0b40fa176ac70,88fe8b2185d4feb6.obj,6ef0b40fa176ac70.jpg
ae09892d3ad04b4b,6ef0b40fa176ac70,ae09892d3ad04b4b.obj,6ef0b40fa176ac70.jpg
11e16848f8de0a7b,6ef0b40fa176ac70,11e16848f8de0a7b.obj,6ef0b40fa176ac70.jpg
b4891278cf84bda4,70d14b3001c113c6,b4891278cf84bda4.obj,70d14b3001c113c6.jpg
25d8bb2c5103d784,70d14b3001c113c6,25d8bb2c5103d784.obj,70d14b3001c113c6.jpg
0c273d5ab5435bff,70d14b3001c113c6,0c273d5ab5435bff.obj,70d14b3001c113c6.jpg
800132a29257a00e,70d14b3001c113c6,800132a29257a00e.obj,70d14b3001c113c6.jpg
303ae000f3346db3,7312bcc2f590d40f,303ae000f3346db3.obj,7312bcc2f590d40f.jpg
581129f2e0a8962a,7312bcc2f590d40f,581129f2e0a8962a.obj,7312bcc2f590d40f.jpg
ebb4e5b69643d4ab,7312bcc2f590d40f,ebb4e5b69643d4ab.obj,7312bcc2f590d40f.jpg
1a0240c017cd5737,7312bcc2f590d40f,1a0240c017cd5737.obj,7312bcc2f590d40f.jpg
4c142b488845264b,783ac99bb7f48124,4c142b488845264b.obj,783ac99bb7f48124.jpg
eb2ca1b686cec5b6,783ac99bb7f48124,eb2ca1b686cec5b6.obj,783ac99bb7f48124.jpg
cb4fbea952d068b4,783ac99bb7f48124,cb4fbea952d068b4.obj,783ac99bb7f48124.jpg
fb8e44e358fa39c8,783ac99bb7f48124,fb8e44e358fa39c8.obj,783ac99bb7f48124.jpg
fb5c86ffdae2de70,794296270542556b,fb5c86ffdae2de70.obj,794296270542556b.jpg
e478035ea7a63a88,794296270542556b,e478035ea7a63a88.obj,794296270542556b.jpg
f8cbd24719bd2d25,794296270542556b,f8cbd24719bd2d25.obj,794296270542556b.jpg
c43879676fbe4462,794296270542556b,c43879676fbe4462.obj,794296270542556b.jpg
f88ddb5d1e798ebc,802a7a2daebb4f38,f88ddb5d1e798ebc.obj,802a7a2daebb4f38.jpg
f676e480e5f79f05,802a7a2daebb4f38,f676e480e5f79f05.obj,802a7a2daebb4f38.jpg
b660f7e5959a2ea0,802a7a2daebb4f38,b660f7e5959a2ea0.obj,802a7a2daebb4f38.jpg
3080f1b08986b040,802a7a2daebb4f38,3080f1b08986b040.obj,802a7a2daebb4f38.jpg
90ba6644ad322c47,86889d264071b08d,90ba6644ad322c47.obj,86889d264071b08d.jpg
e9b85e6177ccf14d,86889d264071b08d,e9b85e6177ccf14d.obj,86889d264071b08d.jpg
55a985eef253a7a0,86889d264071b08d,55a985eef253a7a0.obj,86889d264071b08d.jpg
2d0e5e5ef940e212,86889d264071b08d,2d0e5e5ef940e212.obj,86889d264071b08d.jpg
fb8e44e358fa39c8,8f3d320e6bfdb9c4,fb8e44e358fa39c8.obj,8f3d320e6bfdb9c4.jpg
cb4fbea952d068b4,8f3d320e6bfdb9c4,cb4fbea952d068b4.obj,8f3d320e6bfdb9c4.jpg
4c142b488845264b,8f3d320e6bfdb9c4,4c142b488845264b.obj,8f3d320e6bfdb9c4.jpg
eb2ca1b686cec5b6,8f3d320e6bfdb9c4,eb2ca1b686cec5b6.obj,8f3d320e6bfdb9c4.jpg
3575419b4b9d1e89,8fadd0a5150e55bb,3575419b4b9d1e89.obj,8fadd0a5150e55bb.jpg
9841cafe9b5e1f5e,8fadd0a5150e55bb,9841cafe9b5e1f5e.obj,8fadd0a5150e55bb.jpg
d1fa77c870715aa6,8fadd0a5150e55bb,d1fa77c870715aa6.obj,8fadd0a5150e55bb.jpg
2acea48879fd7fec,8fadd0a5150e55bb,2acea48879fd7fec.obj,8fadd0a5150e55bb.jpg
834953da8335695b,9013db08af141f27,834953da8335695b.obj,9013db08af141f27.jpg
8504af9b6f6829dc,9013db08af141f27,8504af9b6f6829dc.obj,9013db08af141f27.jpg
f8b337766428bd4e,9013db08af141f27,f8b337766428bd4e.obj,9013db08af141f27.jpg
89defea2383d8c4c,9013db08af141f27,89defea2383d8c4c.obj,9013db08af141f27.jpg
d5ce39428399616c,920d0233669b8007,d5ce39428399616c.obj,920d0233669b8007.jpg
03b5427c9cbad7df,920d0233669b8007,03b5427c9cbad7df.obj,920d0233669b8007.jpg
40ffabf8d9949b3a,920d0233669b8007,40ffabf8d9949b3a.obj,920d0233669b8007.jpg
6929c827e1ce8419,920d0233669b8007,6929c827e1ce8419.obj,920d0233669b8007.jpg
afb491e33546448e,92638363fccf2782,afb491e33546448e.obj,92638363fccf2782.jpg
f5749752ed4a8e10,92638363fccf2782,f5749752ed4a8e10.obj,92638363fccf2782.jpg
79c95869e0d37be3,92638363fccf2782,79c95869e0d37be3.obj,92638363fccf2782.jpg
4b7e6d7c00dc221c,92638363fccf2782,4b7e6d7c00dc221c.obj,92638363fccf2782.jpg
94ee98fd5cf5e505,937b1839eb275b01,94ee98fd5cf5e505.obj,937b1839eb275b01.jpg
890f0812b9947e09,937b1839eb275b01,890f0812b9947e09.obj,937b1839eb275b01.jpg
c75a9c7c8b59efc9,937b1839eb275b01,c75a9c7c8b59efc9.obj,937b1839eb275b01.jpg
ff2eff3e8be69c85,937b1839eb275b01,ff2eff3e8be69c85.obj,937b1839eb275b01.jpg
59bd33136e830f43,95074b9474208918,59bd33136e830f43.obj,95074b9474208918.jpg
130ee9cf38dcc2a1,95074b9474208918,130ee9cf38dcc2a1.obj,95074b9474208918.jpg
67fbcae05765c5f0,95074b9474208918,67fbcae05765c5f0.obj,95074b9474208918.jpg
7af0ae61cfa42a48,95074b9474208918,7af0ae61cfa42a48.obj,95074b9474208918.jpg
b141dda23578766d,9c91e244378d10e8,b141dda23578766d.obj,9c91e244378d10e8.jpg
55f44c3f728145bb,9c91e244378d10e8,55f44c3f728145bb.obj,9c91e244378d10e8.jpg
0449f665c5c7d649,9c91e244378d10e8,0449f665c5c7d649.obj,9c91e244378d10e8.jpg
f30a9b11844c24b0,9c91e244378d10e8,f30a9b11844c24b0.obj,9c91e244378d10e8.jpg
b609dc59b3039257,a55d269a9117db3f,b609dc59b3039257.obj,a55d269a9117db3f.jpg
1564b04086c2c084,a55d269a9117db3f,1564b04086c2c084.obj,a55d269a9117db3f.jpg
b0334182d0c3faeb,a55d269a9117db3f,b0334182d0c3faeb.obj,a55d269a9117db3f.jpg
2dfa7571f2321b9e,a55d269a9117db3f,2dfa7571f2321b9e.obj,a55d269a9117db3f.jpg
15d746d0e8530e55,a862dd19d386dafb,15d746d0e8530e55.obj,a862dd19d386dafb.jpg
5f38dbc7e09d2cdd,a862dd19d386dafb,5f38dbc7e09d2cdd.obj,a862dd19d386dafb.jpg
56c67f15ec8bdb2c,a862dd19d386dafb,56c67f15ec8bdb2c.obj,a862dd19d386dafb.jpg
deed286d937453e9,a862dd19d386dafb,deed286d937453e9.obj,a862dd19d386dafb.jpg
0b3e8d17d98f5193,a9b963f95acd6c52,0b3e8d17d98f5193.obj,a9b963f95acd6c52.jpg
2736c1212e9624d8,a9b963f95acd6c52,2736c1212e9624d8.obj,a9b963f95acd6c52.jpg
9edcaa9f5ddecfc2,a9b963f95acd6c52,9edcaa9f5ddecfc2.obj,a9b963f95acd6c52.jpg
1b3d973e8c712776,a9b963f95acd6c52,1b3d973e8c712776.obj,a9b963f95acd6c52.jpg
2acea48879fd7fec,b42e77de1e8cd61e,2acea48879fd7fec.obj,b42e77de1e8cd61e.jpg
3575419b4b9d1e89,b42e77de1e8cd61e,3575419b4b9d1e89.obj,b42e77de1e8cd61e.jpg
d1fa77c870715aa6,b42e77de1e8cd61e,d1fa77c870715aa6.obj,b42e77de1e8cd61e.jpg
9841cafe9b5e1f5e,b42e77de1e8cd61e,9841cafe9b5e1f5e.obj,b42e77de1e8cd61e.jpg
b0334182d0c3faeb,b712443c86f071ee,b0334182d0c3faeb.obj,b712443c86f071ee.jpg
2dfa7571f2321b9e,b712443c86f071ee,2dfa7571f2321b9e.obj,b712443c86f071ee.jpg
1564b04086c2c084,b712443c86f071ee,1564b04086c2c084.obj,b712443c86f071ee.jpg
b609dc59b3039257,b712443c86f071ee,b609dc59b3039257.obj,b712443c86f071ee.jpg
f807a75c0e3429fa,be10e56aea982a64,f807a75c0e3429fa.obj,be10e56aea982a64.jpg
78c02d222c27bc25,be10e56aea982a64,78c02d222c27bc25.obj,be10e56aea982a64.jpg
b44e755a2fb42ad0,be10e56aea982a64,b44e755a2fb42ad0.obj,be10e56aea982a64.jpg
5f76ff02b2bd8554,be10e56aea982a64,5f76ff02b2bd8554.obj,be10e56aea982a64.jpg
5a47b8a4ad093e6c,be49351b5c4c2e12,5a47b8a4ad093e6c.obj,be49351b5c4c2e12.jpg
3762672a3fb6a081,be49351b5c4c2e12,3762672a3fb6a081.obj,be49351b5c4c2e12.jpg
5f779cd192cae3a3,be49351b5c4c2e12,5f779cd192cae3a3.obj,be49351b5c4c2e12.jpg
52037651db34d9c6,be49351b5c4c2e12,52037651db34d9c6.obj,be49351b5c4c2e12.jpg
c18dc05027727a8d,c2601a6eeae11ccd,c18dc05027727a8d.obj,c2601a6eeae11ccd.jpg
344e0698585e098a,c2601a6eeae11ccd,344e0698585e098a.obj,c2601a6eeae11ccd.jpg
5d47fcc026aece1e,c2601a6eeae11ccd,5d47fcc026aece1e.obj,c2601a6eeae11ccd.jpg
d63af3f5e7edd913,c2601a6eeae11ccd,d63af3f5e7edd913.obj,c2601a6eeae11ccd.jpg
efc57137562e8eeb,c49f8fd65abd9d89,efc57137562e8eeb.obj,c49f8fd65abd9d89.jpg
6f4322bbfcbf58b6,c49f8fd65abd9d89,6f4322bbfcbf58b6.obj,c49f8fd65abd9d89.jpg
c329a4bfc8c0a995,c49f8fd65abd9d89,c329a4bfc8c0a995.obj,c49f8fd65abd9d89.jpg
f45311b54d5d3fe4,c49f8fd65abd9d89,f45311b54d5d3fe4.obj,c49f8fd65abd9d89.jpg
10b05be54ad24bbf,c88f6243b997a1c7,10b05be54ad24bbf.obj,c88f6243b997a1c7.jpg
e18ea7c595a3d53d,c88f6243b997a1c7,e18ea7c595a3d53d.obj,c88f6243b997a1c7.jpg
fc20b4369ee117fd,c88f6243b997a1c7,fc20b4369ee117fd.obj,c88f6243b997a1c7.jpg
77e419b386f8bb46,c88f6243b997a1c7,77e419b386f8bb46.obj,c88f6243b997a1c7.jpg
d19ff493ba370b6e,d36c017cc4046784,d19ff493ba370b6e.obj,d36c017cc4046784.jpg
a91a958f77aaaf7a,d36c017cc4046784,a91a958f77aaaf7a.obj,d36c017cc4046784.jpg
85e5acde0498e53b,d36c017cc4046784,85e5acde0498e53b.obj,d36c017cc4046784.jpg
76386d460969cd1c,d36c017cc4046784,76386d460969cd1c.obj,d36c017cc4046784.jpg
59bd33136e830f43,d6c208d1f02de99e,59bd33136e830f43.obj,d6c208d1f02de99e.jpg
130ee9cf38dcc2a1,d6c208d1f02de99e,130ee9cf38dcc2a1.obj,d6c208d1f02de99e.jpg
67fbcae05765c5f0,d6c208d1f02de99e,67fbcae05765c5f0.obj,d6c208d1f02de99e.jpg
7af0ae61cfa42a48,d6c208d1f02de99e,7af0ae61cfa42a48.obj,d6c208d1f02de99e.jpg
d63af3f5e7edd913,e0180c855851d906,d63af3f5e7edd913.obj,e0180c855851d906.jpg
344e0698585e098a,e0180c855851d906,344e0698585e098a.obj,e0180c855851d906.jpg
5d47fcc026aece1e,e0180c855851d906,5d47fcc026aece1e.obj,e0180c855851d906.jpg
c18dc05027727a8d,e0180c855851d906,c18dc05027727a8d.obj,e0180c855851d906.jpg
d19ff493ba370b6e,efdc03080f935022,d19ff493ba370b6e.obj,efdc03080f935022.jpg
76386d460969cd1c,efdc03080f935022,76386d460969cd1c.obj,efdc03080f935022.jpg
85e5acde0498e53b,efdc03080f935022,85e5acde0498e53b.obj,efdc03080f935022.jpg
a91a958f77aaaf7a,efdc03080f935022,a91a958f77aaaf7a.obj,efdc03080f935022.jpg
5f76ff02b2bd8554,f33b9b381acfc0e7,5f76ff02b2bd8554.obj,f33b9b381acfc0e7.jpg
78c02d222c27bc25,f33b9b381acfc0e7,78c02d222c27bc25.obj,f33b9b381acfc0e7.jpg
f807a75c0e3429fa,f33b9b381acfc0e7,f807a75c0e3429fa.obj,f33b9b381acfc0e7.jpg
b44e755a2fb42ad0,f33b9b381acfc0e7,b44e755a2fb42ad0.obj,f33b9b381acfc0e7.jpg
2736c1212e9624d8,f3b370d4a110ae1d,2736c1212e9624d8.obj,f3b370d4a110ae1d.jpg
0b3e8d17d98f5193,f3b370d4a110ae1d,0b3e8d17d98f5193.obj,f3b370d4a110ae1d.jpg
9edcaa9f5ddecfc2,f3b370d4a110ae1d,9edcaa9f5ddecfc2.obj,f3b370d4a110ae1d.jpg
1b3d973e8c712776,f3b370d4a110ae1d,1b3d973e8c712776.obj,f3b370d4a110ae1d.jpg
40ffabf8d9949b3a,f87d5ebfae6b0f11,40ffabf8d9949b3a.obj,f87d5ebfae6b0f11.jpg
6929c827e1ce8419,f87d5ebfae6b0f11,6929c827e1ce8419.obj,f87d5ebfae6b0f11.jpg
d5ce39428399616c,f87d5ebfae6b0f11,d5ce39428399616c.obj,f87d5ebfae6b0f11.jpg
03b5427c9cbad7df,f87d5ebfae6b0f11,03b5427c9cbad7df.obj,f87d5ebfae6b0f11.jpg
10b05be54ad24bbf,fb3bfe3603a9e3e6,10b05be54ad24bbf.obj,fb3bfe3603a9e3e6.jpg
e18ea7c595a3d53d,fb3bfe3603a9e3e6,e18ea7c595a3d53d.obj,fb3bfe3603a9e3e6.jpg
77e419b386f8bb46,fb3bfe3603a9e3e6,77e419b386f8bb46.obj,fb3bfe3603a9e3e6.jpg
fc20b4369ee117fd,fb3bfe3603a9e3e6,fc20b4369ee117fd.obj,fb3bfe3603a9e3e6.jpg
22c09296590fb951,fcd5bdb5cc2ef0ae,22c09296590fb951.obj,fcd5bdb5cc2ef0ae.jpg
819367dceddb838b,fcd5bdb5cc2ef0ae,819367dceddb838b.obj,fcd5bdb5cc2ef0ae.jpg
74703abba6aed00b,fcd5bdb5cc2ef0ae,74703abba6aed00b.obj,fcd5bdb5cc2ef0ae.jpg
6585855871402772,fcd5bdb5cc2ef0ae,6585855871402772.obj,fcd5bdb5cc2ef0ae.jpg
deed286d937453e9,fe30baf8ddeb9085,deed286d937453e9.obj,fe30baf8ddeb9085.jpg
5f38dbc7e09d2cdd,fe30baf8ddeb9085,5f38dbc7e09d2cdd.obj,fe30baf8ddeb9085.jpg
15d746d0e8530e55,fe30baf8ddeb9085,15d746d0e8530e55.obj,fe30baf8ddeb9085.jpg
56c67f15ec8bdb2c,fe30baf8ddeb9085,56c67f15ec8bdb2c.obj,fe30baf8ddeb9085.jpg
15d746d0e8530e55,ff0b22b64c6876c8,15d746d0e8530e55.obj,ff0b22b64c6876c8.jpg
deed286d937453e9,ff0b22b64c6876c8,deed286d937453e9.obj,ff0b22b64c6876c8.jpg
56c67f15ec8bdb2c,ff0b22b64c6876c8,56c67f15ec8bdb2c.obj,ff0b22b64c6876c8.jpg
5f38dbc7e09d2cdd,ff0b22b64c6876c8,5f38dbc7e09d2cdd.obj,ff0b22b64c6876c8.jpg
